<configuration>
    <appender class="ch.qos.logback.core.ConsoleAppender" name="stdout">
        <encoder class="net.logstash.logback.encoder.LoggingEventCompositeJsonEncoder">
            <providers>
                <provider class="com.dedalus.openshift.logback.providers.CustomStackTraceJsonProvider">
                    <throwableConverter class="net.logstash.logback.stacktrace.ShortenedThrowableConverter">
<!--                        <maxDepthPerThrowable>full</maxDepthPerThrowable>-->
<!--                        <maxLength>full</maxLength>-->
                        <shortenedClassNameLength>20</shortenedClassNameLength>
                        <exclusions>${STE_EXCLUSIONS}</exclusions>
                        <rootCauseFirst>true</rootCauseFirst>
                    </throwableConverter>
                </provider>
                <provider class="com.dedalus.openshift.logback.providers.CustomCallerDataJsonProvider"/>
                <pattern>
                    <pattern>
                        {
                        "application":"x1v1-discovery-service",
                        "level":"%level",
                        "logger_name":"%logger",
                        "thread_name":"%thread",
                        "message":"%message"
                        }
                    </pattern>
                </pattern>
                <timestamp/>
            </providers>
        </encoder>
    </appender>


    <appender name="file" class="ch.qos.logback.core.rolling.RollingFileAppender">
        <file>${catalina.base}/logs/xdiscovery-service/xdiscovery-service.log</file>
        <rollingPolicy class="ch.qos.logback.core.rolling.FixedWindowRollingPolicy">
            <fileNamePattern>${catalina.base}/logs/xdiscovery-service/xdiscovery-service.%i.log</fileNamePattern>
            <minIndex>1</minIndex>
            <maxIndex>10</maxIndex>
        </rollingPolicy>
        <triggeringPolicy class="ch.qos.logback.core.rolling.SizeBasedTriggeringPolicy">
            <maxFileSize>100MB</maxFileSize>
        </triggeringPolicy>
        <encoder>
            <pattern>%date %level [%thread] %logger [%file:%line] %msg%n</pattern>
        </encoder>
    </appender>


    <logger level="ERROR" name="org.springframework"/>
    <logger level="INFO" name="org.springframework.web.socket"/>
    <logger level="INFO" name="org.quartz.core"/>
    <logger level="INFO" name="org.springframework.jdbc.core.JdbcTemplate"/>
    <logger level="INFO" name="com.zaxxer.hikari.pool.HikariPool"/>
    <logger level="INFO" name="org.opensaml"/>
    <logger level="INFO" name="org.thymeleaf"/>
    <logger level="INFO" name="springfox"/>
    <logger level="INFO" name="org.mongodb.driver.cluster"/>
    <logger level="INFO" name="org.mongodb.driver"/>
    <logger level="INFO" name="eu.dedalus.x1v1.dao"/>
    <logger level="INFO" name="eu.dedalus.x1v1.configuration.SSLConfiguration"/>
    <logger level="INFO" name="eu.dedalus.x1v1.service.WatchDogService"/>
    <logger level="INFO" name="eu.dedalus.x1v1.ds.commons.utils.JWTBuilderUtils"/>
    <logger level="INFO" name="eu.dedalus.x1v1.idp.ldap.LdapConnection"/>
    <logger level="INFO" name="java.net.HttpURLConnection"/>
    <logger level="ERROR" name="org.hibernate.validator"/>
    <logger level="ERROR" name="org.apache.xml.security.*"/>


    <root level="${LOG_LEVEL}">
        <appender-ref ref="${log4jOut}"/>
    </root>
</configuration>

